2019,LZ 2XXMX,"1.5 litre, M9DD I4 16v DOHC VVT Turbo Direct Inj {132KW}","10/15~01/19,4D,Sedan,FWD,AT,[THAILAND],"
2019,LZ 3XXMX,"1.5 litre, M9DD I4 16v DOHC VVT Turbo Direct Inj {132KW}","10/15~01/19,4D,Hatch,FWD,AT/MT,[THAILAND],"
2019,LZ 5XXGC,"2.0 litre, R9DD ECOBOOST I4 16v DOHC VVT Turbo Direct Inj {184KW}","10/15~01/19,ST2,4D,Hatch,FWD,MT,[GERMANY],"
2019,LZ 5XXGC,"2.3 litre, YVDB I4 16v DOHC VVT I/C Turbo Direct Inj {257KW}","06/16~01/19,RS,4D,Hatch,AWD,MT,[GERMANY],"
2019,SA NXXGC,"1.5 litre, Y1DA I3 12v DOHC VVT Turbo Direct Inj {134KW}","10/18~On,4D,Hatch,FWD,AT,[GERMANY],"
2019,SA PXXGC,"1.5 litre, Y1DA I3 12v DOHC VVT Turbo Direct Inj {134KW}","10/18~On,ST-LINE,4D,Wagon,FWD,AT,[GERMANY],"
2018,LZ 2XXMX,"1.5 litre, M9DD I4 16v DOHC VVT Turbo Direct Inj {132KW}","10/15~01/19,4D,Sedan,FWD,AT,[THAILAND],"
2018,LZ 3XXMX,"1.5 litre, M9DD I4 16v DOHC VVT Turbo Direct Inj {132KW}","10/15~01/19,4D,Hatch,FWD,AT/MT,[THAILAND],"
2018,LZ 5XXGC,"2.0 litre, R9DD ECOBOOST I4 16v DOHC VVT Turbo Direct Inj {184KW}","10/15~01/19,ST2,4D,Hatch,FWD,MT,[GERMANY],"
2018,LZ 5XXGC,"2.3 litre, YVDB I4 16v DOHC VVT I/C Turbo Direct Inj {257KW}","06/16~01/19,RS,4D,Hatch,AWD,MT,[GERMANY],"
2018,SA NXXGC,"1.5 litre, Y1DA I3 12v DOHC VVT Turbo Direct Inj {134KW}","10/18~On,4D,Hatch,FWD,AT,[GERMANY],"
2018,SA PXXGC,"1.5 litre, Y1DA I3 12v DOHC VVT Turbo Direct Inj {134KW}","10/18~On,ST-LINE,4D,Wagon,FWD,AT,[GERMANY],"
2017,LZ 2XXMX,"1.5 litre, M9DD I4 16v DOHC VVT Turbo Direct Inj {132KW}","10/15~01/19,4D,Sedan,FWD,AT,[THAILAND],"
2017,LZ 3XXMX,"1.5 litre, M9DD I4 16v DOHC VVT Turbo Direct Inj {132KW}","10/15~01/19,4D,Hatch,FWD,AT/MT,[THAILAND],"
2017,LZ 5XXGC,"2.0 litre, R9DD ECOBOOST I4 16v DOHC VVT Turbo Direct Inj {184KW}","10/15~01/19,ST2,4D,Hatch,FWD,MT,[GERMANY],"
2017,LZ 5XXGC,"2.3 litre, YVDB I4 16v DOHC VVT I/C Turbo Direct Inj {257KW}","06/16~01/19,RS,4D,Hatch,AWD,MT,[GERMANY],"
2016,LZ 2XXMX,"1.5 litre, M9DD I4 16v DOHC VVT Turbo Direct Inj {132KW}","10/15~01/19,4D,Sedan,FWD,AT,[THAILAND],"
2016,LZ 3XXMX,"1.5 litre, M9DD I4 16v DOHC VVT Turbo Direct Inj {132KW}","10/15~01/19,4D,Hatch,FWD,AT/MT,[THAILAND],"
2016,LZ 5XXGC,"2.0 litre, R9DD ECOBOOST I4 16v DOHC VVT Turbo Direct Inj {184KW}","10/15~01/19,ST2,4D,Hatch,FWD,MT,[GERMANY],"
2016,LZ 5XXGC,"2.3 litre, YVDB I4 16v DOHC VVT I/C Turbo Direct Inj {257KW}","06/16~01/19,RS,4D,Hatch,AWD,MT,[GERMANY],"
2015,LW 1XXMX,"1.6 litre, PNDA DURATEC I4 16v DOHC VVT Direct Inj {92KW}","07/12~09/15,AMBIENTE,4D,Hatch,FWD,MT/DCT,[THAILAND],"
2015,LW 1XXMX,"2.0 litre, DIESEL, TXDB DURATORQ I4 16v DOHC Turbo CRD {120KW}","07/12~09/15,4D,Hatch,FWD,DCT,[THAILAND],"
2015,LW 1XXMX,"2.0 litre, MGDA DURATEC I4 16v DOHC VVT Direct Inj {125KW}","07/12~09/15,4D,Hatch,FWD,MT/DCT,[THAILAND],"
2015,LW 2XXMX,"1.6 litre, PNDA DURATEC I4 16v DOHC VVT Direct Inj {92KW}","07/12~09/15,AMBIENTE,4D,Sedan,FWD,MT/DCT,[GERMANY],"
2015,LW 2XXMX,"2.0 litre, DIESEL, TXDB DURATORQ I4 16v DOHC Turbo CRD {120KW}","07/12~09/15,4D,Sedan,FWD,DCT,[THAILAND],"
2015,LW 2XXMX,"2.0 litre, MGDA DURATEC I4 16v DOHC VVT Direct Inj {125KW}","07/12~09/15,4D,Sedan,FWD,MT/DCT,[GERMANY],"
2015,LZ 2XXMX,"1.5 litre, M9DD I4 16v DOHC VVT Turbo Direct Inj {132KW}","10/15~01/19,4D,Sedan,FWD,AT,[THAILAND],"
2015,LZ 3XXMX,"1.5 litre, M9DD I4 16v DOHC VVT Turbo Direct Inj {132KW}","10/15~01/19,4D,Hatch,FWD,AT/MT,[THAILAND],"
2015,LZ 5XXGC,"2.0 litre, R9DD ECOBOOST I4 16v DOHC VVT Turbo Direct Inj {184KW}","10/15~01/19,ST2,4D,Hatch,FWD,MT,[GERMANY],"
2014,LW 1XXMX,"1.6 litre, PNDA DURATEC I4 16v DOHC VVT Direct Inj {92KW}","07/12~09/15,AMBIENTE,4D,Hatch,FWD,MT/DCT,[THAILAND],"
2014,LW 1XXMX,"2.0 litre, DIESEL, TXDB DURATORQ I4 16v DOHC Turbo CRD {120KW}","07/12~09/15,4D,Hatch,FWD,DCT,[THAILAND],"
2014,LW 1XXMX,"2.0 litre, MGDA DURATEC I4 16v DOHC VVT Direct Inj {125KW}","07/12~09/15,4D,Hatch,FWD,MT/DCT,[THAILAND],"
2014,LW 2XXMX,"1.6 litre, PNDA DURATEC I4 16v DOHC VVT Direct Inj {92KW}","07/12~09/15,AMBIENTE,4D,Sedan,FWD,MT/DCT,[GERMANY],"
2014,LW 2XXMX,"2.0 litre, DIESEL, TXDB DURATORQ I4 16v DOHC Turbo CRD {120KW}","07/12~09/15,4D,Sedan,FWD,DCT,[THAILAND],"
2014,LW 2XXMX,"2.0 litre, MGDA DURATEC I4 16v DOHC VVT Direct Inj {125KW}","07/12~09/15,4D,Sedan,FWD,MT/DCT,[GERMANY],"
2014,LW KXXGC,"2.0 litre, R9DA ECOBOOST I4 16v DOHC VVT Turbo Direct Inj {184KW}","10/12~06/14,ST,4D,Hatch,FWD,MT,[GERMANY],"
2013,LW 1XXMX,"1.6 litre, PNDA DURATEC I4 16v DOHC VVT Direct Inj {92KW}","07/12~09/15,AMBIENTE,4D,Hatch,FWD,MT/DCT,[THAILAND],"
2013,LW 1XXMX,"2.0 litre, DIESEL, TXDB DURATORQ I4 16v DOHC Turbo CRD {120KW}","07/12~09/15,4D,Hatch,FWD,DCT,[THAILAND],"
2013,LW 1XXMX,"2.0 litre, MGDA DURATEC I4 16v DOHC VVT Direct Inj {125KW}","07/12~09/15,4D,Hatch,FWD,MT/DCT,[THAILAND],"
2013,LW 2XXMX,"1.6 litre, PNDA DURATEC I4 16v DOHC VVT Direct Inj {92KW}","07/12~09/15,AMBIENTE,4D,Sedan,FWD,MT/DCT,[GERMANY],"
2013,LW 2XXMX,"2.0 litre, DIESEL, TXDB DURATORQ I4 16v DOHC Turbo CRD {120KW}","07/12~09/15,4D,Sedan,FWD,DCT,[THAILAND],"
2013,LW 2XXMX,"2.0 litre, MGDA DURATEC I4 16v DOHC VVT Direct Inj {125KW}","07/12~09/15,4D,Sedan,FWD,MT/DCT,[GERMANY],"
2013,LW KXXGC,"2.0 litre, R9DA ECOBOOST I4 16v DOHC VVT Turbo Direct Inj {184KW}","10/12~06/14,ST,4D,Hatch,FWD,MT,[GERMANY],"
2012,LV GXXGC,"2.5 litre, B5254T I5 20v DOHC VVT Turbo MPFI {224KW}","09/10~06/12,RS,2D,Hatch,FWD,MT,[GERMANY],"
2012,LW 1XXMX,"1.6 litre, PNDA DURATEC I4 16v DOHC VVT Direct Inj {92KW}","07/12~09/15,AMBIENTE,4D,Hatch,FWD,MT/DCT,[THAILAND],"
2012,LW 1XXMX,"2.0 litre, DIESEL, TXDB DURATORQ I4 16v DOHC Turbo CRD {120KW}","07/12~09/15,4D,Hatch,FWD,DCT,[THAILAND],"
2012,LW 1XXMX,"2.0 litre, MGDA DURATEC I4 16v DOHC VVT Direct Inj {125KW}","07/12~09/15,4D,Hatch,FWD,MT/DCT,[THAILAND],"
2012,LW 2XXMX,"1.6 litre, PNDA DURATEC I4 16v DOHC VVT Direct Inj {92KW}","07/12~09/15,AMBIENTE,4D,Sedan,FWD,MT/DCT,[GERMANY],"
2012,LW 2XXMX,"2.0 litre, DIESEL, TXDB DURATORQ I4 16v DOHC Turbo CRD {120KW}","07/12~09/15,4D,Sedan,FWD,DCT,[THAILAND],"
2012,LW 2XXMX,"2.0 litre, MGDA DURATEC I4 16v DOHC VVT Direct Inj {125KW}","07/12~09/15,4D,Sedan,FWD,MT/DCT,[GERMANY],"
2012,LW KXXGC,"1.6 litre, PNDA DURATEC I4 16v DOHC VVT Direct Inj {92KW}","07/11~06/12,AMBIENTE,4D,Hatch,FWD,MT/DCT,[GERMANY],"
2012,LW KXXGC,"2.0 litre, DIESEL, TXDB DURATORQ I4 16v DOHC Turbo CRD {120KW}","07/11~06/12,4D,Hatch,FWD,MT,[GERMANY],"
2012,LW KXXGC,"2.0 litre, MGDA DURATEC I4 16v DOHC VVT Direct Inj {125KW}","07/11~06/12,4D,Hatch,FWD,MT/DCT,[GERMANY],"
2012,LW KXXGC,"2.0 litre, R9DA ECOBOOST I4 16v DOHC VVT Turbo Direct Inj {184KW}","10/12~06/14,ST,4D,Hatch,FWD,MT,[GERMANY],"
2012,LW MXXGC,"1.6 litre, PNDA DURATEC I4 16v DOHC VVT Direct Inj {92KW}","11/11~06/12,AMBIENTE,4D,Sedan,FWD,MT/DCT,[GERMANY],"
2012,LW MXXGC,"2.0 litre, DIESEL, TXDB DURATORQ I4 16v DOHC Turbo CRD {120KW}","07/11~06/12,4D,Sedan,FWD,MT,[GERMANY],"
2012,LW MXXGC,"2.0 litre, MGDA DURATEC I4 16v DOHC VVT Direct Inj {125KW}","07/11~06/12,4D,Sedan,FWD,MT/DCT,[GERMANY],"
2011,LT TXXMJ,"2.0 litre, DIESEL, D4204T I4 16v DOHC Turbo CRD {100KW}","07/07~06/11,2D,Sedan,FWD,MT/DCT,[SOUTH AFRICA],"
2011,LT UXXMJ,"2.0 litre, DIESEL, D4204T I4 16v DOHC Turbo CRD {100KW}","07/07~06/11,TDCi,4D,Hatch,FWD,MT/DCT,[SOUTH AFRICA],"
2011,LV GXXGC,"2.5 litre, B5254T I5 20v DOHC VVT Turbo MPFI {224KW}","09/10~06/12,RS,2D,Hatch,FWD,MT,[GERMANY],"
2011,LV PXXGC,"1.6 litre, HXDA I4 16v DOHC MPFI {74KW}","06/08~06/11,4D,Hatch,FWD,AT/MT,[GERMANY],"
2011,LV PXXGC,"2.0 litre, 2.0L DURATEC I4 16v DOHC MPFI {107KW}","06/08~06/11,4D,Hatch,FWD,AT/MT,[GERMANY],"
2011,LV PXXGC,"2.5 litre, B5254T I5 20v DOHC VVT Turbo MPFI {166KW}","06/08~06/11,XR5 TURBO,4D,Hatch,FWD,MT,[GERMANY],"
2011,LV TXXMJ,"2.0 litre, A0DA I4 16v DOHC MPFI {107KW}","04/09~06/11,4D,Sedan,FWD,AT/MT,[SOUTH AFRICA],"
2011,LV UXXMJ,"2.0 litre, DIESEL, D4204T I4 16v DOHC Turbo CRD {100KW}","07/07~06/11,TDCi,4D,Hatch,FWD,MT/DCT,[SOUTH AFRICA],"
2011,LV UXXMJ,"2.0 litre, A0DA I4 16v DOHC MPFI {107KW}","04/09~06/11,4D,Hatch,FWD,AT/MT,[SOUTH AFRICA],"
2011,LW KXXGC,"1.6 litre, PNDA DURATEC I4 16v DOHC VVT Direct Inj {92KW}","07/11~06/12,AMBIENTE,4D,Hatch,FWD,MT/DCT,[GERMANY],"
2011,LW KXXGC,"2.0 litre, DIESEL, TXDB DURATORQ I4 16v DOHC Turbo CRD {120KW}","07/11~06/12,4D,Hatch,FWD,MT,[GERMANY],"
2011,LW KXXGC,"2.0 litre, MGDA DURATEC I4 16v DOHC VVT Direct Inj {125KW}","07/11~06/12,4D,Hatch,FWD,MT/DCT,[GERMANY],"
2011,LW MXXGC,"1.6 litre, PNDA DURATEC I4 16v DOHC VVT Direct Inj {92KW}","11/11~06/12,AMBIENTE,4D,Sedan,FWD,MT/DCT,[GERMANY],"
2011,LW MXXGC,"2.0 litre, DIESEL, TXDB DURATORQ I4 16v DOHC Turbo CRD {120KW}","07/11~06/12,4D,Sedan,FWD,MT,[GERMANY],"
2011,LW MXXGC,"2.0 litre, MGDA DURATEC I4 16v DOHC VVT Direct Inj {125KW}","07/11~06/12,4D,Sedan,FWD,MT/DCT,[GERMANY],"
2010,LT TXXMJ,"2.0 litre, DIESEL, D4204T I4 16v DOHC Turbo CRD {100KW}","07/07~06/11,2D,Sedan,FWD,MT/DCT,[SOUTH AFRICA],"
2010,LT UXXMJ,"2.0 litre, DIESEL, D4204T I4 16v DOHC Turbo CRD {100KW}","07/07~06/11,TDCi,4D,Hatch,FWD,MT/DCT,[SOUTH AFRICA],"
2010,LT XXXLU,"2.0 litre, A0DA DURATEC I4 16v DOHC MPFI {107KW}","11/07~05/10,COUPE-CABRIOLET,2D,Conve,FWD,AT/MT,[GERMANY],"
2010,LV GXXGC,"2.5 litre, B5254T I5 20v DOHC VVT Turbo MPFI {224KW}","09/10~06/12,RS,2D,Hatch,FWD,MT,[GERMANY],"
2010,LV PXXGC,"1.6 litre, HXDA I4 16v DOHC MPFI {74KW}","06/08~06/11,4D,Hatch,FWD,AT/MT,[GERMANY],"
2010,LV PXXGC,"2.0 litre, 2.0L DURATEC I4 16v DOHC MPFI {107KW}","06/08~06/11,4D,Hatch,FWD,AT/MT,[GERMANY],"
2010,LV PXXGC,"2.5 litre, B5254T I5 20v DOHC VVT Turbo MPFI {166KW}","06/08~06/11,XR5 TURBO,4D,Hatch,FWD,MT,[GERMANY],"
2010,LV TXXMJ,"2.0 litre, A0DA I4 16v DOHC MPFI {107KW}","04/09~06/11,4D,Sedan,FWD,AT/MT,[SOUTH AFRICA],"
2010,LV UXXMJ,"2.0 litre, DIESEL, D4204T I4 16v DOHC Turbo CRD {100KW}","07/07~06/11,TDCi,4D,Hatch,FWD,MT/DCT,[SOUTH AFRICA],"
2010,LV UXXMJ,"2.0 litre, A0DA I4 16v DOHC MPFI {107KW}","04/09~06/11,4D,Hatch,FWD,AT/MT,[SOUTH AFRICA],"
2009,LS CXXMJ,"2.0 litre, 2.0L DURATEC I4 16v DOHC MPFI {107KW}","05/05~03/09,4D,Sedan,FWD,AT/MT,[SOUTH AFRICA],"
2009,LS DXXMJ,"2.0 litre, 2.0L DURATEC I4 16v DOHC MPFI {107KW}","05/05~03/09,4D,Hatch,FWD,AT/MT,[SOUTH AFRICA],"
2009,LT CXXMJ,"2.0 litre, 2.0L DURATEC I4 16v DOHC MPFI {107KW}","05/05~03/09,4D,Sedan,FWD,AT/MT,[SOUTH AFRICA],"
2009,LT DXXMJ,"2.0 litre, DIESEL, D4204T I4 16v DOHC Turbo CRD {100KW}","07/07~03/09,TDCI,4D,Hatch,FWD,MT,[SOUTH AFRICA],"
2009,LT DXXMJ,"2.0 litre, 2.0L DURATEC I4 16v DOHC MPFI {107KW}","05/05~03/09,4D,Hatch,FWD,AT/MT,[SOUTH AFRICA],"
2009,LT TXXMJ,"2.0 litre, DIESEL, D4204T I4 16v DOHC Turbo CRD {100KW}","07/07~06/11,2D,Sedan,FWD,MT/DCT,[SOUTH AFRICA],"
2009,LT UXXMJ,"2.0 litre, DIESEL, D4204T I4 16v DOHC Turbo CRD {100KW}","07/07~06/11,TDCi,4D,Hatch,FWD,MT/DCT,[SOUTH AFRICA],"
2009,LT XXXLU,"2.0 litre, A0DA DURATEC I4 16v DOHC MPFI {107KW}","11/07~05/10,COUPE-CABRIOLET,2D,Conve,FWD,AT/MT,[GERMANY],"
2009,LV DXXMJ,"2.0 litre, DIESEL, D4204T I4 16v DOHC Turbo CRD {100KW}","07/07~03/09,TDCI,4D,Hatch,FWD,MT,[SOUTH AFRICA],"
2009,LV PXXGC,"1.6 litre, HXDA I4 16v DOHC MPFI {74KW}","06/08~06/11,4D,Hatch,FWD,AT/MT,[GERMANY],"
2009,LV PXXGC,"2.0 litre, 2.0L DURATEC I4 16v DOHC MPFI {107KW}","06/08~06/11,4D,Hatch,FWD,AT/MT,[GERMANY],"
2009,LV PXXGC,"2.5 litre, B5254T I5 20v DOHC VVT Turbo MPFI {166KW}","06/08~06/11,XR5 TURBO,4D,Hatch,FWD,MT,[GERMANY],"
2009,LV TXXMJ,"2.0 litre, A0DA I4 16v DOHC MPFI {107KW}","04/09~06/11,4D,Sedan,FWD,AT/MT,[SOUTH AFRICA],"
2009,LV UXXMJ,"2.0 litre, DIESEL, D4204T I4 16v DOHC Turbo CRD {100KW}","07/07~06/11,TDCi,4D,Hatch,FWD,MT/DCT,[SOUTH AFRICA],"
2009,LV UXXMJ,"2.0 litre, A0DA I4 16v DOHC MPFI {107KW}","04/09~06/11,4D,Hatch,FWD,AT/MT,[SOUTH AFRICA],"
2008,LS 3XXGC,"2.5 litre, B5254T I5 20v DOHC VVT Turbo MPFI {166KW}","04/06~05/08,ST TURBO,2D,Hatch,FWD,MT,[GERMANY],"
2008,LS 5XXGC,"2.5 litre, HYDA (B5254T) I5 20v DOHC VVT Turbo MPFI {166KW}","04/06~05/08,XR5 TURBO,4D,Hatch,FWD,MT,[GERMANY],"
2008,LS CXXMJ,"2.0 litre, 2.0L DURATEC I4 16v DOHC MPFI {107KW}","05/05~03/09,4D,Sedan,FWD,AT/MT,[SOUTH AFRICA],"
2008,LS DXXMJ,"2.0 litre, 2.0L DURATEC I4 16v DOHC MPFI {107KW}","05/05~03/09,4D,Hatch,FWD,AT/MT,[SOUTH AFRICA],"
2008,LT 3XXGC,"2.5 litre, B5254T I5 20v DOHC VVT Turbo MPFI {166KW}","04/06~05/08,ST TURBO,2D,Hatch,FWD,MT,[GERMANY],"
2008,LT 5XXGC,"2.5 litre, HYDA (B5254T) I5 20v DOHC VVT Turbo MPFI {166KW}","04/06~05/08,XR5 TURBO,4D,Hatch,FWD,MT,[GERMANY],"
2008,LT CXXMJ,"2.0 litre, 2.0L DURATEC I4 16v DOHC MPFI {107KW}","05/05~03/09,4D,Sedan,FWD,AT/MT,[SOUTH AFRICA],"
2008,LT DXXMJ,"2.0 litre, DIESEL, D4204T I4 16v DOHC Turbo CRD {100KW}","07/07~03/09,TDCI,4D,Hatch,FWD,MT,[SOUTH AFRICA],"
2008,LT DXXMJ,"2.0 litre, 2.0L DURATEC I4 16v DOHC MPFI {107KW}","05/05~03/09,4D,Hatch,FWD,AT/MT,[SOUTH AFRICA],"
2008,LT TXXMJ,"2.0 litre, DIESEL, D4204T I4 16v DOHC Turbo CRD {100KW}","07/07~06/11,2D,Sedan,FWD,MT/DCT,[SOUTH AFRICA],"
2008,LT UXXMJ,"2.0 litre, DIESEL, D4204T I4 16v DOHC Turbo CRD {100KW}","07/07~06/11,TDCi,4D,Hatch,FWD,MT/DCT,[SOUTH AFRICA],"
2008,LT XXXLU,"2.0 litre, A0DA DURATEC I4 16v DOHC MPFI {107KW}","11/07~05/10,COUPE-CABRIOLET,2D,Conve,FWD,AT/MT,[GERMANY],"
2008,LV DXXMJ,"2.0 litre, DIESEL, D4204T I4 16v DOHC Turbo CRD {100KW}","07/07~03/09,TDCI,4D,Hatch,FWD,MT,[SOUTH AFRICA],"
2008,LV PXXGC,"1.6 litre, HXDA I4 16v DOHC MPFI {74KW}","06/08~06/11,4D,Hatch,FWD,AT/MT,[GERMANY],"
2008,LV PXXGC,"2.0 litre, 2.0L DURATEC I4 16v DOHC MPFI {107KW}","06/08~06/11,4D,Hatch,FWD,AT/MT,[GERMANY],"
2008,LV PXXGC,"2.5 litre, B5254T I5 20v DOHC VVT Turbo MPFI {166KW}","06/08~06/11,XR5 TURBO,4D,Hatch,FWD,MT,[GERMANY],"
2008,LV UXXMJ,"2.0 litre, DIESEL, D4204T I4 16v DOHC Turbo CRD {100KW}","07/07~06/11,TDCi,4D,Hatch,FWD,MT/DCT,[SOUTH AFRICA],"
2007,LS 3XXGC,"2.5 litre, B5254T I5 20v DOHC VVT Turbo MPFI {166KW}","04/06~05/08,ST TURBO,2D,Hatch,FWD,MT,[GERMANY],"
2007,LS 5XXGC,"2.0 litre, A0DB DURATEC I4 16v DOHC MPFI {107KW}","05/05~06/07,4D,Hatch,FWD,AT/MT,[GERMANY],"
2007,LS 5XXGC,"2.5 litre, HYDA (B5254T) I5 20v DOHC VVT Turbo MPFI {166KW}","04/06~05/08,XR5 TURBO,4D,Hatch,FWD,MT,[GERMANY],"
2007,LS CXXMJ,"2.0 litre, 2.0L DURATEC I4 16v DOHC MPFI {107KW}","05/05~03/09,4D,Sedan,FWD,AT/MT,[SOUTH AFRICA],"
2007,LS DXXMJ,"2.0 litre, 2.0L DURATEC I4 16v DOHC MPFI {107KW}","05/05~03/09,4D,Hatch,FWD,AT/MT,[SOUTH AFRICA],"
2007,LS MXXGC,"2.0 litre, 2.0L DURATEC I4 16v DOHC MPFI {107KW}","05/05~06/07,4D,Hatch,FWD,AT/MT,[GERMANY],"
2007,LT 3XXGC,"2.5 litre, B5254T I5 20v DOHC VVT Turbo MPFI {166KW}","04/06~05/08,ST TURBO,2D,Hatch,FWD,MT,[GERMANY],"
2007,LT 5XXGC,"2.5 litre, HYDA (B5254T) I5 20v DOHC VVT Turbo MPFI {166KW}","04/06~05/08,XR5 TURBO,4D,Hatch,FWD,MT,[GERMANY],"
2007,LT CXXMJ,"2.0 litre, 2.0L DURATEC I4 16v DOHC MPFI {107KW}","05/05~03/09,4D,Sedan,FWD,AT/MT,[SOUTH AFRICA],"
2007,LT DXXMJ,"2.0 litre, DIESEL, D4204T I4 16v DOHC Turbo CRD {100KW}","07/07~03/09,TDCI,4D,Hatch,FWD,MT,[SOUTH AFRICA],"
2007,LT DXXMJ,"2.0 litre, 2.0L DURATEC I4 16v DOHC MPFI {107KW}","05/05~03/09,4D,Hatch,FWD,AT/MT,[SOUTH AFRICA],"
2007,LT TXXMJ,"2.0 litre, DIESEL, D4204T I4 16v DOHC Turbo CRD {100KW}","07/07~06/11,2D,Sedan,FWD,MT/DCT,[SOUTH AFRICA],"
2007,LT UXXMJ,"2.0 litre, DIESEL, D4204T I4 16v DOHC Turbo CRD {100KW}","07/07~06/11,TDCi,4D,Hatch,FWD,MT/DCT,[SOUTH AFRICA],"
2007,LT XXXLU,"2.0 litre, A0DA DURATEC I4 16v DOHC MPFI {107KW}","11/07~05/10,COUPE-CABRIOLET,2D,Conve,FWD,AT/MT,[GERMANY],"
2007,LV DXXMJ,"2.0 litre, DIESEL, D4204T I4 16v DOHC Turbo CRD {100KW}","07/07~03/09,TDCI,4D,Hatch,FWD,MT,[SOUTH AFRICA],"
2007,LV UXXMJ,"2.0 litre, DIESEL, D4204T I4 16v DOHC Turbo CRD {100KW}","07/07~06/11,TDCi,4D,Hatch,FWD,MT/DCT,[SOUTH AFRICA],"
2006,LS 3XXGC,"2.5 litre, B5254T I5 20v DOHC VVT Turbo MPFI {166KW}","04/06~05/08,ST TURBO,2D,Hatch,FWD,MT,[GERMANY],"
2006,LS 5XXGC,"2.0 litre, A0DB DURATEC I4 16v DOHC MPFI {107KW}","05/05~06/07,4D,Hatch,FWD,AT/MT,[GERMANY],"
2006,LS 5XXGC,"2.5 litre, HYDA (B5254T) I5 20v DOHC VVT Turbo MPFI {166KW}","04/06~05/08,XR5 TURBO,4D,Hatch,FWD,MT,[GERMANY],"
2006,LS CXXMJ,"2.0 litre, 2.0L DURATEC I4 16v DOHC MPFI {107KW}","05/05~03/09,4D,Sedan,FWD,AT/MT,[SOUTH AFRICA],"
2006,LS DXXMJ,"2.0 litre, 2.0L DURATEC I4 16v DOHC MPFI {107KW}","05/05~03/09,4D,Hatch,FWD,AT/MT,[SOUTH AFRICA],"
2006,LS MXXGC,"2.0 litre, 2.0L DURATEC I4 16v DOHC MPFI {107KW}","05/05~06/07,4D,Hatch,FWD,AT/MT,[GERMANY],"
2006,LT 3XXGC,"2.5 litre, B5254T I5 20v DOHC VVT Turbo MPFI {166KW}","04/06~05/08,ST TURBO,2D,Hatch,FWD,MT,[GERMANY],"
2006,LT 5XXGC,"2.5 litre, HYDA (B5254T) I5 20v DOHC VVT Turbo MPFI {166KW}","04/06~05/08,XR5 TURBO,4D,Hatch,FWD,MT,[GERMANY],"
2006,LT CXXMJ,"2.0 litre, 2.0L DURATEC I4 16v DOHC MPFI {107KW}","05/05~03/09,4D,Sedan,FWD,AT/MT,[SOUTH AFRICA],"
2006,LT DXXMJ,"2.0 litre, 2.0L DURATEC I4 16v DOHC MPFI {107KW}","05/05~03/09,4D,Hatch,FWD,AT/MT,[SOUTH AFRICA],"
2005,LR AXXGC,"1.8 litre, EYDE I4 16v DOHC MPFI {85KW}","09/02~04/05,4D,Hatch,FWD,AT/MT,[GERMANY],"
2005,LR AXXGC,"2.0 litre, EDDB I4 16v DOHC MPFI {85KW}","09/02~04/05,4D,Hatch,FWD,AT/MT,[GERMANY],"
2005,LR AXXGC,"2.0 litre, EDDF I4 16v DOHC MPFI {96KW}",
2005,LR AXXWP,"1.6 litre, FYDB I4 16v DOHC MPFI",
2005,LR AXXWP,"1.8 litre, EYDE I4 16v DOHC MPFI {85KW}","00~04/05,4D,Hatch,FWD,AT/MT,[GERMANY],"
2005,LR AXXWP,"2.0 litre, EDDB I4 16v DOHC MPFI {85KW}","09/02~04/05,4D,Hatch,FWD,AT/MT,[GERMANY],"
2005,LR AXXWP,"2.0 litre, EDDF I4 16v DOHC MPFI {96KW}","10/98~04/05,ZETEC,4D,Hatch,FWD,AT/MT,[GERMANY],"
2005,LR BXXGC,"2.0 litre, ALDA I4 16v DOHC VVT MPFI {127KW}","05/03~04/05,ST170,2D,Hatch,FWD,MT,[GERMANY],"
2005,LR BXXGC,"2.0 litre, EDDF I4 16v DOHC MPFI {96KW}","00~04/05,ZETEC,2D,Hatch,FWD,AT/MT,[GERMANY],"
2005,LR FXXWP,"1.8 litre, EYDE I4 16v DOHC MPFI {85KW}","09/02~04/05,4D,Sedan,FWD,AT/MT,[SPAIN],"
2005,LR FXXWP,"2.0 litre, EDDB I4 16v DOHC MPFI {85KW}","09/02~04/05,4D,Sedan,FWD,AT/MT,[SPAIN],"
2005,LS 5XXGC,"2.0 litre, A0DB DURATEC I4 16v DOHC MPFI {107KW}","05/05~06/07,4D,Hatch,FWD,AT/MT,[GERMANY],"
2005,LS CXXMJ,"2.0 litre, 2.0L DURATEC I4 16v DOHC MPFI {107KW}","05/05~03/09,4D,Sedan,FWD,AT/MT,[SOUTH AFRICA],"
2005,LS DXXMJ,"2.0 litre, 2.0L DURATEC I4 16v DOHC MPFI {107KW}","05/05~03/09,4D,Hatch,FWD,AT/MT,[SOUTH AFRICA],"
2005,LS MXXGC,"2.0 litre, 2.0L DURATEC I4 16v DOHC MPFI {107KW}","05/05~06/07,4D,Hatch,FWD,AT/MT,[GERMANY],"
2005,LT CXXMJ,"2.0 litre, 2.0L DURATEC I4 16v DOHC MPFI {107KW}","05/05~03/09,4D,Sedan,FWD,AT/MT,[SOUTH AFRICA],"
2005,LT DXXMJ,"2.0 litre, 2.0L DURATEC I4 16v DOHC MPFI {107KW}","05/05~03/09,4D,Hatch,FWD,AT/MT,[SOUTH AFRICA],"
2004,LR AXXGC,"1.8 litre, EYDE I4 16v DOHC MPFI {85KW}","09/02~04/05,4D,Hatch,FWD,AT/MT,[GERMANY],"
2004,LR AXXGC,"2.0 litre, EDDB I4 16v DOHC MPFI {85KW}",
2004,LR AXXGC,"2.0 litre, EDDF I4 16v DOHC MPFI {96KW}","09/02~04/05,ZETEC,4D,Hatch,FWD,AT/MT,[GERMANY],"
2004,LR AXXWP,"1.6 litre, FYDB I4 16v DOHC MPFI","00~04/05,4D,Hatch,FWD,AT/MT,[GERMANY],"
2004,LR AXXWP,"1.8 litre, EYDE I4 16v DOHC MPFI {85KW}","00~04/05,4D,Hatch,FWD,AT/MT,[GERMANY],"
2004,LR AXXWP,"2.0 litre, EDDB I4 16v DOHC MPFI {85KW}","09/02~04/05,4D,Hatch,FWD,AT/MT,[GERMANY],"
2004,LR AXXWP,"2.0 litre, EDDF I4 16v DOHC MPFI {96KW}","10/98~04/05,ZETEC,4D,Hatch,FWD,AT/MT,[GERMANY],"
2004,LR BXXGC,"2.0 litre, ALDA I4 16v DOHC VVT MPFI {127KW}","05/03~04/05,ST170,2D,Hatch,FWD,MT,[GERMANY],"
2004,LR BXXGC,"2.0 litre, EDDF I4 16v DOHC MPFI {96KW}","00~04/05,ZETEC,2D,Hatch,FWD,AT/MT,[GERMANY],"
2004,LR FXXWP,"1.6 litre, FYDB I4 16v DOHC MPFI {74KW}","09/02~11/04,4D,Sedan,FWD,AT/MT,[SPAIN],"
2004,LR FXXWP,"1.8 litre, EYDE I4 16v DOHC MPFI {85KW}","09/02~04/05,4D,Sedan,FWD,AT/MT,[SPAIN],"
2004,LR FXXWP,"2.0 litre, EDDB I4 16v DOHC MPFI {85KW}","09/02~04/05,4D,Sedan,FWD,AT/MT,[SPAIN],"
